original,canonical
hot tea (garam chai),kashmiri tea (kehwa)
kashmiri tea (kehwa),kashmiri tea (kehwa)
instant coffee,coffee drops
steeped hot coffee,coffee drops
coffee drops,coffee drops
espreso coffee,espreso coffee
iced tea,iced tea
raw mango drink (aam panna),raw mango drink (aam panna)
fruit punch (with fresh juices),fruit punch (with squashes)
fruit punch (with squashes),fruit punch (with squashes)
lemonade,lemonade
lemon tart,lemonade
lemon cookies,lemonade
lem-o-gin,lem-o-gin
cumin infused water (jeere/zeere ka pani),cumin infused water (jeere/zeere ka pani)
coco pine cooler,coco pine cooler
summer cooler,summer cooler
hot cocoa,hot cocoa
cold coffee with ice cream,cold coffee (with cream)
cold coffee (with cream),cold coffee (with cream)
banana milkshake (kele milkshake),flavoured milkshake
mango milkshake (aam milkshake),flavoured milkshake
pineapple milkshake (ananas milkshake),flavoured milkshake
orange milkshake (narangi milkshake),flavoured milkshake
banana milkshake with ice cream (kele ka milkshake ice cream ke saath),flavoured milkshake
flavoured milkshake,flavoured milkshake
mango milkshake with ice cream (aam milkshake ice cream ke saath),flavoured milkshake
pineapple milkshake with ice cream (ananas milkshake ice cream ke saath),flavoured milkshake
orange milkshake with ice cream (narangi milkshake ice cream ke saath),flavoured milkshake
egg nog,egg nog
fried egg ,egg nog
poached egg,egg nog
baked egg ,baked egg
egg sauce,egg sauce
sweet lassi (meethi lassi),lassi (salted)
lassi (salted),lassi (salted)
cheese and chilli sandwich ,club sandwich 
chilli chicken,chilli chicken
green chilli sauce,green chilli sauce
egg sandwich (ande ka sandwich),peanut butter cucumber sandwich
cucumber sandwich (kheere ka sandwich),peanut butter cucumber sandwich
cheese and pineapple sandwich (cheese aur ananas ka sandwich),peanut butter cucumber sandwich
cheese and tomato sandwich (cheese aur tamatar ke sandwich),peanut butter cucumber sandwich
peanut and tomato sandwich (moongfali aur tamatar ka sandwich),peanut butter cucumber sandwich
carrot apple sandwich (gajar aur seb ka sandwich),peanut butter cucumber sandwich
egg and tomato sandwich (ande aur tamatar ka sandwich),peanut butter cucumber sandwich
cheese and tomato sandwich (toasted) (cheese aur tamatar ke sandwich (toasted)),peanut butter cucumber sandwich
pea potato sandwich (toasted) (matar aloo ka sandwich),peanut butter cucumber sandwich
paneer pea sandwich (toasted) (paneer matar ka sandwich),peanut butter cucumber sandwich
pea keema sandwich (toasted) (matar aur keema ka sandwich),peanut butter cucumber sandwich
tomato and cucumber sandwich (tamatar aur kheere ka sandwich),peanut butter cucumber sandwich
peanut butter cucumber sandwich,peanut butter cucumber sandwich
chicken walnut sandwich (chicken aur akhrot ke sandwich),peanut butter cucumber sandwich
chicken sandwich,club sandwich 
club sandwich ,club sandwich 
vegetarian club sandwich,club sandwich 
salami sandwich,club sandwich 
chicken sandwich (toasted),club sandwich 
classic club sandwich,club sandwich 
tomato sandwich (grilled),club sandwich 
submarine sandwich,club sandwich 
fish sandwich ,club sandwich 
rainbow sandwich,rainbow sandwich
watercress sandwich,rainbow sandwich
pin wheel sandwich,pin wheel biscuit
pin wheel biscuit,pin wheel biscuit
vegetable and mayonnaise sandwich,mayonnaise
mayonnaise without eggs,mayonnaise
mayonnaise vegetable dip,mayonnaise
mayonnaise,mayonnaise
sweet open sandwich,sweet open sandwich
cheese open sandwich,sweet open sandwich
sunset and sunrise open sandwich,sweet open sandwich
chicken and corn open sandwich,sweet open sandwich
mushroom and cheese sandwich (toasted),cheese toast
cheese toast,cheese toast
french sandwich (toasted),cheese toast
sesame toast,sesame toast
sesame ladoo (til ke ladoo),sesame ladoo (til ke ladoo)
cracked wheat porridge (meetha daliya),semolina porridge (suji/rava daliya)
semolina porridge (suji/rava daliya),semolina porridge (suji/rava daliya)
vermicelli porridge (semiya/seviyan porridge),semolina porridge (suji/rava daliya)
lentils and semolina porridge (dal suji porridge/daliya),semolina porridge (suji/rava daliya)
lentils and wheat porridge (dal wheat porridge/daliya ),semolina porridge (suji/rava daliya)
sweet wheat porridge (sweet dalia),semolina porridge (suji/rava daliya)
oatmeal porridge,maize porridge
maize porridge,maize porridge
cornflakes with milk,cornflakes with milk
rice flakes (chiwda/aval),rice flakes (chiwda/aval)
rice flakes and roasted channa ,rice flakes (chiwda/aval)
wheat flakes,wheat flakes
snow flakes pudding,wheat flakes
murmura (puffed rice),murmura (puffed rice)
puffed wheat (murmure/moori),murmura (puffed rice)
boiled egg (ubla anda),boiled egg (ubla anda)
scrambled egg (ande ki bhurji),scrambled egg (ande ki bhurji)
indian style egg bhujia (anda bhujia (indian style)),scrambled egg (ande ki bhurji)
plain omelette/omlet,corn omelette/omlet
stuffed egg omelette/omlet,scrambled egg (ande ki bhurji)
french omelette/omlet,corn omelette/omlet
puffy omelette/omlet,corn omelette/omlet
orange omelette/omlet,corn omelette/omlet
cheese and mushroom omelette/omlet,corn omelette/omlet
spanish omelette/omlet,corn omelette/omlet
corn omelette/omlet,corn omelette/omlet
pancake,pancake
keema pancake,pancake
vegetable pancake,pancake
jam and fruit pancake,pancake
bacon and mushroom pancake,pancake
cheese and tomato pancake,pancake
khoa and coconut pancake,buckwheat pancake (khura)
buckwheat pancake (khura),buckwheat pancake (khura)
brown stock,meat stock
vegetable stock,meat stock
chicken stock,meat stock
mixed stock,meat stock
meat stock,meat stock
white stock,meat stock
clear tomato soup (tamatar ka soup),clear tomato soup (tamatar ka soup)
lentil soup,lentil soup
chicken consomme (clear chicken soup),chicken consomme (clear chicken soup)
cream of tomato soup,whey soup
cream of green peas soup,whey soup
cream of mixed vegetable soup,whey soup
cream of mushroom soup,whey soup
chicken sweet corn soup,whey soup
minestrone soup,whey soup
french onion soup,whey soup
cold summer garden soup,whey soup
green pea soup (matar ka soup),whey soup
mixed vegetable soup,whey soup
cheese soup,whey soup
cream of carrot soup,whey soup
cream of broccoli soup,whey soup
cream of potato soup,whey soup
cold tomato soup,whey soup
ham and bean soup,whey soup
whey soup,whey soup
baked potato soup,whey soup
pumpkin soup,whey soup
sweet corn soup,whey soup
millet soup,whey soup
garlic soup,whey soup
vegetable soup,whey soup
cream of spinach soup,cream of spinach soup
spinach soup (palak ka soup),cream of spinach soup
almond soup (badam ka soup),cream of spinach soup
garlic chickpea soup (lahasun aur chane ka shoraba),cream of spinach soup
spinach soup in milk ,cream of spinach soup
egg drop soup,egg drop soup
chinese cabbage and meat ball soup,curried cauliflower soup
curried cauliflower soup,curried cauliflower soup
hot and sour soup,hot and sour soup
talaumein soup,talaumein soup
mulligatawny soup,talaumein soup
cold cucumber soup (thanda kheere ka soup),lemon coriander soup
cold cucumber cream soup ,lemon coriander soup
lemon coriander soup,lemon coriander soup
chapati/roti,chapati/roti
plain parantha/paratha,dal parantha/paratha
potato parantha/paratha (aloo ka parantha/paratha),dal parantha/paratha
radish parantha/paratha (mooli ka parantha/paratha),dal parantha/paratha
dal parantha/paratha,dal parantha/paratha
pea parantha/paratha (matar ka parantha/paratha),dal parantha/paratha
keema parantha/paratha,dal parantha/paratha
besan and spinach parantha/paratha (besan aur palak ka parantha/paratha),dal parantha/paratha
tandoori parantha/paratha,dal parantha/paratha
methi parantha/paratha,dal parantha/paratha
cauliflower parantha/paratha (phoolgobhi ka parantha/paratha),cauliflower basket
potato cauliflower (aloo gobhi),cauliflower basket
cauliflower with coconut (nariyal ke saath phoolgobhi),cauliflower basket
cauliflower kofta curry (phoolgobhi kofta curry),cauliflower kofta curry (phoolgobhi kofta curry)
cauliflower musallam (phoolgobhi musallam),cauliflower basket
cauliflower kheer (phoolgobhi ki kheer),cauliflower kheer (phoolgobhi ki kheer)
cauliflower pakora/pakoda (phoolgobhi ke pakode),cauliflower basket
"cauliflower, pea and potato bhujia (phoolgobhi, matar aur aloo bhujia)",cauliflower basket
cauliflower basket,cauliflower basket
cauliflower au gratin,cauliflower basket
sprouted moong parantha/paratha,sprouted moong pulao
sprouted moong pulao,sprouted moong pulao
sprouted moong dal chat,sprouted moong pulao
sprouted moong salad ,sprouted moong pulao
sprouted moong raita ,sprouted moong pulao
sprouted moong daliya ,sprouted moong pulao
sprouted moong poha ,sprouted moong pulao
paneer parantha/paratha,paneer soup
paneer pulao,paneer soup
paneer kaathi roll,paneer soup
pea paneer curry (matar paneer),pea paneer curry (matar paneer)
paneer curry,paneer curry
paneer kofta curry,paneer kofta curry
shahi paneer,paneer soup
paneer in butter sauce,paneer soup
methi malai paneer,paneer soup
chilli paneer,paneer soup
paneer makhana korma,paneer soup
kadhai paneer,paneer soup
paneer kheer,paneer kheer
paneer and pea samosa (paneer matar ka samosa),paneer soup
paneer potato cutlet (paneer aloo cutlet),paneer soup
paneer shaslik/tikka,paneer soup
paneer stuffed cheela/chilla,paneer soup
paneer cutlet,paneer soup
paneer lababdar,paneer soup
paneer soup,paneer soup
poori,poori
methi poori,poori
potato stuffed poori (aloo ki poori),poori
sweet poori (meethi poori),poori
beetroot poori (chukandar ki poori),poori
peas poori (matar ki poori),poori
spinach poori (palak poori),spinach poori (palak poori)
spinach chickpeas cutlet (palak channa dal cutlet),spinach poori (palak poori)
spinach peanut namak paras (palak moongfali namak paras),spinach poori (palak poori)
spinach and potato (palak aloo),spinach poori (palak poori)
dal stuffed poori,mixed dal
mixed dal,mixed dal
boiled rice (uble chawal),boiled rice (uble chawal)
"lemon rice (pulihora, elumichai sadam, chitranna)",spanish rice
sweet rice (meethe chawal),spanish rice
curd rice (dahi bhaat/dahi chawal/ perugu annam/daddojanam/thayir saadam),curd rice (dahi bhaat/dahi chawal/ perugu annam/daddojanam/thayir saadam)
tamarind rice (chintapandu pulihora/puliyodharai/puli sadam/huli anna),spanish rice
spanish rice,spanish rice
chinese fried rice,spanish rice
rice kheer (chawal ki kheer),rice kheer (chawal ki kheer)
mexican rice,spanish rice
rice dal porridge (chawal dal ki khichdi/khichri),spanish rice
black rice kheer (chak-hao kheer),makhana kheer
rice murukku,spanish rice
plain pulao,plain pulao
mixed vegetable pulao,plain pulao
mushroom pulao,plain pulao
peanut pulao ,plain pulao
chicken pulao,chicken pulao
navratan pulao,navratan pulao
cumin pulao (jeera/zeera pulao),navratan pulao
green chickpeas pulao (choliya pulao/hare chane ka pulao),green chickpeas pulao (choliya pulao/hare chane ka pulao)
sweet split chickpea roti (sweet channa dal roti/puranpoli),green chickpeas pulao (choliya pulao/hare chane ka pulao)
mutton biryani/biriyani,mutton biryani/biriyani
vegetable biryani/biriyani,vegetable biryani/biriyani
macroni cheese pie,macroni cheese pie
cottage cheese pie,macroni cheese pie
vegetable and cheese pie,macroni cheese pie
vegetable chowmein,chicken chowmein
chicken chowmein,chicken chowmein
cheese noodle ring,cheese noodle ring
spaghetti and cheese balls in tomato sauce,spaghetti and cheese balls in tomato sauce
spaghetti with meat balls and tomato sauce,spaghetti and cheese balls in tomato sauce
spaghetti with paneer balls and tomato sauce,spaghetti and cheese balls in tomato sauce
penne platter,penne platter
pasta hot pot,pasta hot pot
classic italian pasta,pasta hot pot
chicken lasagne,chicken lasagne
lasagne with meat sauce,chicken lasagne
lasagne with vegetables,chicken lasagne
fettuccine with spinach sauce,pasta spinach sauce
pasta spinach sauce,pasta spinach sauce
naan,naan
bhatura,bhatura
bhel puri ,murmura (puffed rice)
idli,idli
instant idli (with semolina),idli
masala dosa,plain dosa
plain dosa,plain dosa
jowar dosa,plain dosa
semolina dosa (suji/rava dosa),semolina dosa (suji/rava dosa)
semolina kheer (suji/rava kheer),semolina kheer (suji/rava kheer)
semolina halwa (suji ka halwa),semolina halwa (suji ka halwa)
semolina ladoo with khoya (suji/rava aur khoye ke ladoo ),khoa ladoo
semolina ladoo with coconut (suji/rava aur nariyal ke ladoo ),khoa ladoo
semolina burfi (suji/rava burfi),semolina burfi (suji/rava burfi)
semolina ladoo with nuts (suji/rava ladoo with nuts),khoa ladoo
semolina idli (suji/rava idli),semolina dosa (suji/rava dosa)
semolina dhokla (suji/rava dhokla),semolina dosa (suji/rava dosa)
onion tomato uttapam,uttapam
uttapam,uttapam
makki ki roti,makki ki roti
maa chaane ki dal,makki ki roti
washed moong dal (dhuli moong ki dal),washed urad dal (dhuli urad ki dal)
washed urad dal (dhuli urad ki dal),washed urad dal (dhuli urad ki dal)
split bengal gram with bottle gourd (channa dal with ghiya/lauki),split bengal gram dal (channa dal)
split bengal gram sweet rice (channa dal sweet rice),split bengal gram dal (channa dal)
split bengal gram dal and vegetable pulao (channa dal and vegetable pulao),split bengal gram dal (channa dal)
split bengal gram burfi/fudge (channa dal burfi),split bengal gram burfi/fudge (channa dal burfi)
split bengal gram dal (channa dal),split bengal gram dal (channa dal)
dry washed urad,dry washed urad
whole urad (urad ki dal),dry washed urad
urad special dehusked,dry washed urad
urad sabut special,dry washed urad
whole moong (moong ki dal),dal moong
moong dal kheer,moong dal kheer
moong dal halwa,moong dal halwa
rice moong dal cheela (chawal aur moong dal ka cheela),semolina dosa (suji/rava dosa)
moong dal stuffed cheela/chilla (moong dal ka cheela/chilla),dal moong
moong dal with vadi,dal moong
moong dal mixture,dal moong
dal moong,dal moong
whole masoor (masoor ki dal),whole masoor (masoor ki dal)
whole moth (moth ki dal),whole moth (moth ki dal)
moti mahal dal (urad rajmah mix dal),moti mahal dal (urad rajmah mix dal)
black channa curry/bengal gram curry (kale chane ki curry),black channa curry/bengal gram curry (kale chane ki curry)
black channa pulao/ bengal gram pulao (kale chane ka pulao),black channa curry/bengal gram curry (kale chane ki curry)
chickpeas curry (safed channa curry),kabuli channa curry
egg curry (anda curry),egg curry (anda curry)
lobia curry,lobia curry
soyabean curry,soyabean curry
soyabean muthias,soya roti
soyabean tikki,soya roti
soyabean namak paras,soya roti
soya roti,soya roti
kidney bean curry (rajmah curry),kidney bean curry (rajmah curry)
sambar,sambar
sambar powder (sambar masala),sambar
besan kadhi with pakodies,besan kadhi with pakodies
khatta channa,khatta channa
khasta kachori,khatta channa
potato capsicum (shimla mirch aloo),potato capsicum (shimla mirch aloo)
stuffed capsicum (bharwa shimla mirch),potato capsicum (shimla mirch aloo)
cabbage and peas (pattagobhi aur matar),cabbage raita (pattagobhi raita)
cabbage kofta curry (pattagobhi kofta curry),cabbage kofta curry (pattagobhi kofta curry)
cabbage kheer (pattagobhi ki kheer),carrot kheer (gajar ki kheer)
cabbage rolls (dry) ((pattagobhi rolls) (dry)),cabbage raita (pattagobhi raita)
cabbage rolls (curry) ((pattagobhi rolls)(curry)),vegetable curry with coconut 
cabbage raita (pattagobhi raita),cabbage raita (pattagobhi raita)
carrot and fenugreek leaves (gajar methi),carrot and fenugreek leaves (gajar methi)
potato fenugreek (aloo methi),ducheese potato
dry potato (sookhe aloo),ducheese potato
pea potato curry (aloo matar),pea potato curry (aloo matar)
potato bonda (aloo bonda),ducheese potato
potato curry (aloo ki sabzi),potato curry (aloo ki sabzi)
ducheese potato,ducheese potato
brinjal bhartha (baingan ka bhartha),stuffed brinjal (bharwa baingan)
stuffed brinjal (bharwa baingan),stuffed brinjal (bharwa baingan)
peas brinjal bhartha (matar baingan bhartha),stuffed brinjal (bharwa baingan)
beans with coconut (nariyal aur sem/phali; beans thoran),vegetable curry with coconut 
carrot and cabbage with coconut (nariyal ke saath pattagobhi aur gajar),vegetable curry with coconut 
vegetable curry with coconut ,vegetable curry with coconut 
raw turnip with coconut ,raw turnip with coconut 
raw papaya with coconut (papaya thoran),raw papaya with coconut (papaya thoran)
stuffed okra (bharwa bhindi),stuffed okra (bharwa bhindi)
stuffed round gourd (bharwa tinde),stuffed okra (bharwa bhindi)
stuffed tomatoes (bharwa tamatar),stuffed okra (bharwa bhindi)
pea mushroom curry (matar mushroom),pea mushroom curry (matar mushroom)
mushroom matar,mushroom matar
fricassee of mushroom,mushroom matar
pea curry (matar ki sabzi),pea curry (matar ki sabzi)
pea keema curry (matar keema ki sabzi),pea keema curry (matar keema ki sabzi)
peas kachori (matar kachori),peas pulao (matar pulao)
peas pulao (matar pulao),peas pulao (matar pulao)
pea vadi curry,pea vadi curry
lotus stem curry (kamal kakdi curry),lotus stem curry (kamal kakdi curry)
lotus stem kofta curry (kamal kakdi kofta curry),lotus stem curry (kamal kakdi curry)
lotus seed halwa (kamal gattay ka halwa),lotus seed halwa (kamal gattay ka halwa)
lotus stem pickle (kamal kakdi ka achar),mango pickle (aam ka achaar)
gravy for kofta,gravy for kofta
pea kofta curry (matar kofta curry),pea kofta curry (matar kofta curry)
spinach kofta curry (palak kofta curry),pea kofta curry (matar kofta curry)
raw banana kofta curry (kela kofta curry),pea kofta curry (matar kofta curry)
spinach paneer kofta curry (palak paneer kofta curry),pea kofta curry (matar kofta curry)
potato kofta curry (aloo kofta curry),pea kofta curry (matar kofta curry)
yam kofta curry (zimikand/suran kofta curry),pea kofta curry (matar kofta curry)
ghiya/lauki kofta curry,ghiya/lauki kofta curry
vegetarian egg kofta curry,vegetarian egg kofta curry
indian lamb and egg curry (nargisi kofta),vegetarian egg kofta curry
vegetarian nargisi kofta curry,vegetarian egg kofta curry
baked vegetables,baked vegetables
baked vegetables with spinach ,baked vegetables
baked potato with skin ,baked potato with skin 
shepherd's pie (vegetarian),minced meat pie
shepherd's pie (with minced meat),minced meat pie
minced meat pie,minced meat pie
baked brinjal in tomato sauce,baked brinjal in tomato sauce
dum aloo,dum aloo
spinach paneer (palak paneer),spinach and paneer souffle 
"paneer, apple and pineapple salad",spinach and paneer souffle 
spinach and paneer souffle ,spinach and paneer souffle 
methi chaman,methi chaman
methi thepla,methi chaman
sarson ka saag,sarson ka saag
jackfruit sabzi (kathal ki sabzi),jackfruit/kathal (dry)
jackfruit kofta curry (kathal ka kofta curry),ghiya/lauki kofta curry
jackfruit/kathal (dry),jackfruit/kathal (dry)
jackfruit fritters (ponsa mulik/kathal ka pakora),jackfruit/kathal (dry)
avial,avial
al yakhani,al yakhani
makhana kheer,makhana kheer
dal makhani,dal makhani
roghan josh,roghan josh
spinach mutton (palak mutton),mutton pulao
mutton yakhni,mutton pulao
mutton do piaza,mutton pulao
mutton pulao,mutton pulao
mutton korma,mutton pulao
keema kofta curry,keema kofta curry
shahi keema kofta curry,keema kofta curry
kashmiri mutton koftas (gushtaba),kashmiri masala
kashmiri 'tahar',kashmiri masala
kashmiri masala,kashmiri masala
chicken yakhni,chicken yakhni
vegetable yakhni,chicken yakhni
mutton chops,mutton chops
dry masala chops,mutton chops
shammi kebab,boti kebab
boti kebab,boti kebab
scotch egg,scotch egg
vegeterian scotch egg,scotch egg
chicken stew,chicken stew
butter chicken,butter chicken
fried chicken with tomato sauce (fried chicken tamatar ki chutney kay saath),chicken curry
chicken stew,chicken stew
roast chicken,butter chicken
tomato chicken,chicken curry
creamy chicken,butter chicken
ginger chicken,butter chicken
chicken korma,butter chicken
lemon chicken,butter chicken
tandoori chicken,tandoori chicken
tandoori fish,tandoori fish
chicken kebab,chicken kebab
vegetable seekh kebab,chicken kebab
mutton seekh kebab,chicken kebab
soya seekh kebab,chicken kebab
fish curry (machli curry),fish curry (machli curry)
fried fish (indian style) (tali hui machli),fish curry (machli curry)
fried fish and chips (english style) (tali hui machli aur chips),fish curry (machli curry)
fish cutlet (machli ka cutlet),fish cutlet (machli ka cutlet)
bengal fish curry (bengali machli curry),fish curry (machli curry)
tomato fish,tomato fish
fish finger,tomato fish
baked fish with cheese sauce,crispy baked fish
baked stuffed fish,crispy baked fish
crispy baked fish,crispy baked fish
fish tikka,fish tikka
hariyali fish tikka,fish tikka
russian salad,pasta salad
pasta salad,pasta salad
tossed salad,pasta salad
tossed green salad,pasta salad
chicken salad,pasta salad
macaroni salad,pasta salad
deviled egg,deviled egg
hawain salad,hawain salad
waldroff salad,hawain salad
mixed pulse and vegetable salad,mixed pulse and vegetable salad
mixed vegetable salad with curd sauce,mixed pulse and vegetable salad
potato salad (aloo ka salaad),potato salad (aloo ka salaad)
fruit salad (phalon ka salaad),potato salad (aloo ka salaad)
fruit ice cream (phalon ka ice cream),potato salad (aloo ka salaad)
beetroot and egg salad (chukandar aur ande ka salad),potato salad (aloo ka salaad)
cucumber and yogurt salad (kheere aur dahi ka salad),potato salad (aloo ka salaad)
frozen frosty fruit salad (phalon ka salaad),potato salad (aloo ka salaad)
coleslaw,coleslaw
tomato onion raita (tamatar aur pyaaz ka raita),onion raita (pyaaz ka raita)
onion pakora/pakoda (pyaaz ke pakode),onion raita (pyaaz ka raita)
onion-green chilli parantha/paratha (pyaaz aur hari mirch ka parantha/paratha),onion raita (pyaaz ka raita)
masala onion pakora/pakoda (pyaaz ke pakode),onion raita (pyaaz ka raita)
onion raita (pyaaz ka raita),onion raita (pyaaz ka raita)
onion tomato baghar (pyaaz tamatar ka tadka),onion raita (pyaaz ka raita)
peanut raita (mungfali ka raita),peanut raita (mungfali ka raita)
peanut cutlet (mungfali ke cutlet),peanut raita (mungfali ka raita)
peanut chutney (mungfali ki chutney),peanut raita (mungfali ka raita)
bottle gourd raita (ghiya/lauki ka raita),bottle gourd raita (ghiya/lauki ka raita)
bottle gourd burfi (ghiya/lauki burfi),bottle gourd burfi (ghiya/lauki burfi)
stuffed bottle gourd (stuffed ghiya/lauki),bottle gourd soup (ghiya/lauki soup)
bottle gourd kheer (ghiya/lauki kheer),bottle gourd kheer (ghiya/lauki kheer)
bottle gourd soup (ghiya/lauki soup),bottle gourd soup (ghiya/lauki soup)
cucumber raita (kheere ka raita),cucumber raita (kheere ka raita)
cucumber sharbat (kheere ka sharbat),cucumber raita (kheere ka raita)
carrot and spinach raita (gajar aur palak ka raita),sweet raita (meetha raita)
potato raita (aloo ka raita),sweet raita (meetha raita)
sweet raita (meetha raita),sweet raita (meetha raita)
carrot raita (gajar ka raita),sweet raita (meetha raita)
spinach raita (palak ka raita),sweet raita (meetha raita)
pineapple raita (ananas ka raita),sweet raita (meetha raita)
banana raita (kele ka raita),sweet raita (meetha raita)
mango raita (aam ka raita),sweet raita (meetha raita)
guava raita (amarood ka raita),sweet raita (meetha raita)
grapes raita (angoor ka raita),sweet raita (meetha raita)
pomegranate raita (anaar ka raita),sweet raita (meetha raita)
pineapple squash (ananas ka squash),sweet raita (meetha raita)
mint raita (pudinay ka raita),mint raita (pudinay ka raita)
mint and coriander chutney (pudinay aur dhaniye ki chutney),mint raita (pudinay ka raita)
mint and peanut raita (pudinay aur moongfali ka raita),mint raita (pudinay ka raita)
boondi raita,boondi raita
dahi vadas/dahi bhalla,dahi vadas/dahi bhalla
gunjia,gunjia
saunth/sonth chutney with tamarind/imli,saunth/sonth chutney with tamarind/imli
tamarind chutney (chintapandu pachadi/puli chutney),saunth/sonth chutney with tamarind/imli
vermicelli kheer (semiya/seviyan ki kheer),vermicelli kheer (semiya/seviyan ki kheer)
carrot kheer (gajar ki kheer),carrot kheer (gajar ki kheer)
carrot halwa (gajar ka halwa),carrot halwa (gajar ka halwa)
peanut sago vada (sabudana mungfali vada),carrot kheer (gajar ki kheer)
semolina carrot vada (suji gajar vada),carrot kheer (gajar ki kheer)
carrot murabba (gajar ka murabba),carrot kheer (gajar ki kheer)
jhatpat achar with carrot (jhatpat achaar gajar ke saath),carrot kheer (gajar ki kheer)
phirni,phirni
shahi suji halwa,shahi suji halwa
shahi tukre,shahi tukre
egg halwa (ande ka halwa),egg halwa (ande ka halwa)
potato halwa (aloo ka halwa),egg halwa (ande ka halwa)
pumpkin halwa (kaddu ka halwa),egg halwa (ande ka halwa)
pumpkin raita (kaddu ka raita),egg halwa (ande ka halwa)
pumpkin kheer (kaddu ki kheer),egg halwa (ande ka halwa)
caramel custard (steamed),custard tart
baked custard,custard tart
soft custard (stirred),custard tart
custard tart,custard tart
caramel custard (baked),custard tart
mango vanilla custard,custard tart
chocolate ice cream,mango ice cream
mango ice cream,mango ice cream
caramel ice cream,mango ice cream
vanilla ice cream without egg,vanilla ice cream with egg
vanilla ice cream with egg,vanilla ice cream with egg
strawberry ice cream,mango ice cream
chocochip ice cream,mango ice cream
choconut ice cream,mango ice cream
coffee ice cream,mango ice cream
peach melba ice cream,mango ice cream
vanilla ice cream with apples in hot cherry sauce,mango ice cream
lemon souffle,fish souffle
orange souffle,fish souffle
vanilla souffle,fish souffle
chocolate souffle,fish souffle
hot orange souffle,fish souffle
hot chocolate souffle,fish souffle
hot vanilla souffle,fish souffle
hot cheese souffle,fish souffle
hot potato souffle,fish souffle
hot fish souffle,fish souffle
hot spinach souffle,fish souffle
fish souffle,fish souffle
spinach souffle ,fish souffle
cold lemon souffle,fish souffle
cold orange souffle,fish souffle
cold vanilla souffle,fish souffle
cold chocolate souffle,fish souffle
hot lemon souffle,fish souffle
masala souffle ,fish souffle
chicken and cheese souffle,spinach and paneer souffle
pineapple souffle ,pineapple tart
pineapple tart,pineapple tart
pineapple pastry ,pineapple tart
pineapple cake ,pineapple cake
cold pineapple souffle,pineapple tart
pineapple jam ,pineapple tart
apple mousse,apple mousse
rich chocolate mousse,apple mousse
mango mousse,apple mousse
creamy chocolate mousse,apple mousse
orange and pineapple cream,orange cream tart
orange cream tart,orange cream tart
charlotte rousse,charlotte rousse
triffle pudding,cheese pudding
steamed orange pudding,cheese pudding
cheese pudding,cheese pudding
chocolate pudding,cheese pudding
bread and butter pudding ,cheese pudding
queen of pudding,cheese pudding
apple crumb pudding,cheese pudding
kiwi granola pudding,cheese pudding
kulfi,kulfi
meringue and rice pudding,lemon meringue pie
lemon meringue pie,lemon meringue pie
chocolate meringue pie,lemon meringue pie
pineapple upside down pudding,pineapple upside down pudding
date and nut pie,date and nut pie
stewed apple with custard,stewed apple
stewed fruit (with pear),stewed apple
stewed apple,stewed apple
apple snowballs,apple snowballs
plain burfi (burfi),oats burfi
chocolate burfi,oats burfi
oats burfi,oats burfi
coconut burfi (nariyal ki burfi),khoa coconut burfi
cashewnut burfi (kaju burfi/kaju katli),khoa coconut burfi
peanut burfi (moongfali ki burfi),khoa coconut burfi
spinach burfi (palak burfi),khoa coconut burfi
khoa coconut burfi,khoa coconut burfi
pumpkin coconut burfi (kaddu aur nariyal ki burfi),khoa coconut burfi
spinach peanut burfi (palak aur mungfali ki burfi),khoa coconut burfi
coconut kheer (nariyal ki kheer),khoa coconut burfi
gram flour burfi (besan burfi),gram flour burfi (besan burfi)
gram flour ladoo (besan ladoo),gram flour burfi (besan burfi)
gram flour and semolina chilla/cheela/savory pancake (besan suji chilla/cheela),gram flour burfi (besan burfi)
gram flour poori (besan poori),gram flour burfi (besan burfi)
wheat and gram flour ladoo (atta besan ladoo),gram flour burfi (besan burfi)
wheat flour and nuts ladoos (atta nuts ladoos),gram flour burfi (besan burfi)
gram flour and semolina dhokla (besan suji dhokla),gram flour burfi (besan burfi)
gram flour halwa (besan halwa),gram flour burfi (besan burfi)
gram flour chilla/cheela (besan chilla/cheela),gram flour burfi (besan burfi)
chenna murki,chenna murki
milk cake,milk cake
plain cream cake,milk cake
marble cake,milk cake
chocolate cake,milk cake
orange cake,milk cake
eggless cake,milk cake
chocolate sponge cake,milk cake
lemon cake,milk cake
chocolate eggless cake,milk cake
orange eggless cake,milk cake
honey cake,milk cake
sponge cake ,milk cake
ghujia/lavang latika,ghujia/lavang latika
gulab jamun with khoya,gulab jamun with khoya
gulab jamun with milk powder,gulab jamun with khoya
mal pua,mal pua
potato pakora/pakoda (aloo pakoda),fish pakora/pakoda
mixed vegetable pakora/pakoda,fish pakora/pakoda
spinach pakora/pakoda (palak pakoda),fish pakora/pakoda
methi pakora/pakoda (methi ke pakode),fish pakora/pakoda
egg pakora/pakoda (ande ke pakode),egg pakora/pakoda (ande ke pakode)
bread pakora/pakoda,fish pakora/pakoda
paneer pakora/pakoda,fish pakora/pakoda
chicken pakora/pakoda,chicken pakora/pakoda
fish pakora/pakoda,fish pakora/pakoda
potato samosa (aloo ka samosa),vegetable samosa
minced meat samosa (keema ka samosa),vegetable samosa
vegetable samosa,vegetable samosa
mathri,mathri
pearl millet mathri (bajra mathri),mathri
vegetable cutlet,vegetable cutlet
egg cutlet (anda cutlet),egg cutlet (anda cutlet)
flattened rice cutlet (chirwa cutlet/chivda cutlet/poha cutlet),flattened rice cutlet (chirwa cutlet/chivda cutlet/poha cutlet)
vegetable burger,cheese patties
cheese patties,cheese patties
paneer patties,cheese patties
vegetable patties ,cheese patties
cheese pizza,pizza
pizza,pizza
masala vada,masala vada
plain urad dal vada (uzunne vada/minapa garelu/ulundu vadai/medu vada),masala vada
masala urad dal vada,masala vada
peanut brittle (moongfali ki chikki),peanut brittle (moongfali ki chikki)
sesame chickpeas brittle (til aur channe ki chikki),peanut brittle (moongfali ki chikki)
spring roll,spring roll
dry mango chutney (sookhe aam ki chutney),green chutney
coconut chutney (nariyal ki chutney),green chutney
tomato ginger chutney (tamatar adarak ki chutney),green chutney
mint tomato chutney (pudinay aur tamatar ki chutney),green chutney
coriander chutney (hare dhaniye ki chutney),green chutney
gooseberry chutney (amla chutney),green chutney
walnut chutney (akhrot ki chutney),green chutney
dessicated coconut chutney (sookhe kase nariyal ki chutney) ,green chutney
spicy chutney sandwich,green chutney
garlic chutney/poondu chutney (lahasun ki chutney),green chutney
onion chutney (pyaaz ki chutney/vengaya chutney),green chutney
dates chutney (khajoor ki chutney),green chutney
green chutney,green chutney
plum chutney (aloo bukhara ki chutney),green chutney
raw mango chutney (kachhe aam/kairi ki chutney),green chutney
tomato chutney (tamatar ki chutney),green chutney
jam tart,jam tart
cheese and mushroom tart,cheese and mushroom tart
apple cinnamon pie,fish pie
fish pie,fish pie
apple banana pie,fish pie
cream puffs,cream puffs
savoury puffs,cream puffs
chocolate eclairs,chocolate eclairs
cheese balls,cheese balls
cheese straws,cheese balls
minced meat patties,minced meat cutlet
minced meat pancake (with chicken),minced meat cutlet
minced meat ball curry,keema kofta curry
minced meat cutlet,minced meat cutlet
apple cake (seb ka cake),apple cake (seb ka cake)
banana cake (kele ka cake),apple cake (seb ka cake)
carrot cake (gajar ka cake),apple cake (seb ka cake)
fruit loaf ,fruit loaf 
fruit delight,fruit loaf 
chocolate chiffon cake,lemon chiffon pie
lemon chiffon pie,lemon chiffon pie
orange chiffon pie,lemon chiffon pie
christmas cake,christmas cake
strawberry and vanilla cake with butter icing,strawberry and vanilla cake with butter icing
butter icing,gum icing
chocolate butter icing,gum icing
royal icing,gum icing
gum icing,gum icing
swiss roll,swiss roll
chocolate swiss roll,swiss roll
black forest pastry,flan pastry
chocolate pastry,flan pastry
assorted pastry,flan pastry
flan pastry,flan pastry
short crust pastry,flan pastry
choux pastry,flan pastry
flaky pastry,flan pastry
coconut finger,coconut finger
chocolate walnut cookies (chocolate aur akhrot ke cookies),milk cookies
chocolate chip cookies,milk cookies
ice box cookies,milk cookies
cherry and walnut cookies,milk cookies
pumpkin cookies ,milk cookies
sunflower cookies,milk cookies
hazelnut cookies,milk cookies
milk cookies,milk cookies
sweet plain biscuit,jelly biscuit
chocolate biscuit,jelly biscuit
coconut biscuit (nariyal ke biscuit),jelly biscuit
sweet and salty biscuit (meethay aur namkeen biscuit),jelly biscuit
peanut biscuit,jelly biscuit
saffron biscuit (kesar biscuit),jelly biscuit
masala biscuit,jelly biscuit
coffee biscuit,jelly biscuit
almond biscuit (badam ke biscuit),jelly biscuit
orange biscuit,jelly biscuit
christmas biscuit,jelly biscuit
christmas wreath biscuit,jelly biscuit
christmas bell biscuit,jelly biscuit
christmas star biscuit,jelly biscuit
christmas tree biscuit,jelly biscuit
jelly biscuit,jelly biscuit
butterfly biscuit,jelly biscuit
sesame biscuit (til ke biscuit),jelly biscuit
finger millet biscuit (ragi biscuit),jelly biscuit
buttermilk biscuit,jelly biscuit
sweet potato biscuit (shakarkand ke biscuit),jelly biscuit
olive biscuit,jelly biscuit
ginger bread man,gingerman biscuit
ginger biscuit (adarak ke biscuit),gingerman biscuit
gingerman biscuit,gingerman biscuit
danish cookies,danish cookies
short bread cookies,short bread cookies
raspberry shortbread cookies,short bread cookies
melting moments,melting moments
wheat flour and moong dal burfi (atta aur moong dal ki burfi),gram flour burfi (besan burfi)
cracked wheat and green gram dal premix (dalia moong dal premix),cracked wheat and green gram dal premix (dalia moong dal premix)
pearl millet ladoo (bajra ladoo),amaranth ladoo (rajgira ladoo)
amaranth ladoo (rajgira ladoo),amaranth ladoo (rajgira ladoo)
paushtik ladoo,paushtik ladoo
paushtik roti,paushtik roti
dhokla,dhokla
khaman (dhokla),dhokla
instant dhokla,dhokla
dal dhokli,dhokla
hot chocolate,hot chocolate
chocolate sauce,chocolate sauce
jal jeera,jal jeera
gingo,gingo
mintade,mintade
canjee,canjee
cauliflower canjee (phoolgobhi ki canjee),canjee
potato canjee (aloo canjee),canjee
cauliflower potato canjee,canjee
semolina upma (suji/rava upma),semolina upma (suji/rava upma)
vermicelli upma (semiya/seviyan upma),semolina upma (suji/rava upma)
rice upma,rice upma
bread upma,rice upma
vegetable upma,rice upma
sprouts upma ,rice upma
poha,poha
vegetable poha,poha
meat consomme (with mutton),meat consomme (with mutton)
consomme au julienne,consomme au julienne
consomme au vermicelli,consomme au vermicelli
veg paneer stew,veg paneer stew
bathua poori,bathua poori
bathua bhujia,bathua poori
bathua raita,bathua poori
eggplant/brinjal rice (vangi bhat),eggplant/brinjal rice (vangi bhat)
plain khitchdi (plain khichri/khichdi),quinoa khichdi/khichri
spinach khichri (palak khichri/khichdi),quinoa khichdi/khichri
poshtik khichdi/khichri,quinoa khichdi/khichri
sago khitchdi/khichri (sabudana khitchdi/khichri),quinoa khichdi/khichri
quinoa khichdi/khichri,quinoa khichdi/khichri
vegetable khichdi/khichri,quinoa khichdi/khichri
cracked wheat khichri/khichdi (dalia khichri/khichdi),quinoa khichdi/khichri
masala dosa mixed vegetable fillings,masala dosa paneer fillings
masala dosa paneer fillings,masala dosa paneer fillings
appam,appam
banana appam,appam
beans and macaroni,beans and macaroni
meat and macaroni casserole,beans and macaroni
spaghetti bolognese,spaghetti bolognese
home made egg noodles,home made egg noodles
home made plain noodles,home made egg noodles
sour lentils (khatti dal),sour lentils (khatti dal)
arhar with spinach (arhar dal aur palak),arhar with spinach (arhar dal aur palak)
rasam with tamarind (puli rasam/ chintapandu rasam/ charu/saaru),rasam with tamarind (puli rasam/ chintapandu rasam/ charu/saaru)
rasam with lemon (nimmakaya rasam/nimmakaya charu/elumichai rasam/nimbe hannina saaru),rasam with lemon (nimmakaya rasam/nimmakaya charu/elumichai rasam/nimbe hannina saaru)
green gram whole with baghar (sabut moong dal with tadka),green gram whole with baghar (sabut moong dal with tadka)
kabuli channa curry,kabuli channa curry
besan gatte curry,besan gatte curry
soya chunks sweet and sour (nutrinugget sweet and sour),soya chunks korma (nutrinugget korma)
soya chunks korma (nutrinugget korma),soya chunks korma (nutrinugget korma)
soya chunks and peas (nutrinugget matar),soya chunks korma (nutrinugget korma)
spinach mushroom (palak mushroom),creamed spinach
creamed spinach and mushroom,creamed spinach
creamed spinach,creamed spinach
spinach mushroom scrambled egg (palak mushroom bhurji),scrambled egg (ande ki bhurji)
shahi chicken masala,handi chicken
afghani chicken,handi chicken
handi chicken,handi chicken
broccoli chicken ala king,broccoli delight
broccoli delight,broccoli delight
chicken sweet and sour,chicken sweet and sour
fish in coconut milk (nariyal ke doodh ke saath machli),fish curry (machli curry)
saffron milk (kesariya doodh),saffron milk (kesariya doodh)
prawn curry (with coconut) (jhinga curry),fish curry (machli curry)
prawn sandwich,prawn sandwich
curd with potatoes (dahi aloo),potato with curd
poha with curd (poha aur dahi),potato with curd
potato with curd,potato with curd
mooli bhujia,mooli bhujia
dry arbi (sookhi arbi),masala arbi
masala arbi,masala arbi
okra/lady's fingers fry (bhindi sabzi/sabji/subji),okra/lady's fingers fry (bhindi sabzi/sabji/subji)
crispy okra/crispy lady's fingers (karare bhindi),okra/lady's fingers fry (bhindi sabzi/sabji/subji)
beans foogath,beans foogath
stuffed bittergourd (wet) (bharwa karele),stuffed bittergourd (wet) (bharwa karele)
stuffed bittergourd (dry) (bharwa karela),stuffed bittergourd (wet) (bharwa karele)
yam fried (zimikand/suran fried),yam fried (zimikand/suran fried)
vegetable jalfrezi,vegetable jalfrezi
vegetable namkeen jave,vegetable jalfrezi
vegetables stir fry ,vegetables stir fry 
dhansak (vegetarian),dhansak (vegetarian)
roast potatoes ,roast potatoes 
stuffed baked potatoes ,roast potatoes 
potato nests,potato nests
potato aigrettes,potato nests
parsley potato,parsley potato
sour cream potato salad,sour cream potato salad
spring basket salad,spring basket salad
jellied sunshine fruit salad,spring basket salad
chicken and tomato towers,chicken and tomato towers
tomato aspic,tomato aspic
french dressing,curd dressing 
curd dressing ,curd dressing 
apple kheer (seb ki kheer),apple kheer (seb ki kheer)
apple sago payasam (seb aur sabudana ki kheer),apple kheer (seb ki kheer)
pear chocholate sunday,pear chocholate sunday
coffee pear alaska,coffee pear alaska
crunchy butterscotch,crunchy butterscotch
grape and orange whip,grape and orange whip
honey banana cream,honey banana cream
mashed banana with milk,honey banana cream
raspberry bavarian cream,raspberry bavarian cream
apricot fool,apricot fool
pavlova,pavlova
steamed cake with chocolate sauce,steamed cake with chocolate sauce
chum chum,chum chum
dil bahar,dil bahar
rasbhari,rasbhari
rasgulla,rasbhari
rasmalai,rasbhari
rajbogh,rajbogh
danedar burfi,danedar burfi
khoa ladoo,khoa ladoo
murmura chikki,soya chikki
soya chikki,soya chikki
masala green chilli pakora/pakoda (hari mirch kay pakode),green chilli raita (hari mirch ka raita)
green chilli raita (hari mirch ka raita),green chilli raita (hari mirch ka raita)
sago cutlet/vadas (sabudana cutlet/vadas),sago cutlet/vadas (sabudana cutlet/vadas)
poshtik cutlet,poshtik cutlet
saunth/sonth chutney with ginger,saunth/sonth chutney with ginger
gun powder chutney,gun powder chutney
curd mint dip ,curd dip
curd vegetable dip,curd dip
curd dip,curd dip
mint and peanut sandwich,mint and peanut sandwich
rolled sandwich,bread roll
bread roll,bread roll
ribbon sandwich,ribbon sandwich
checker board sandwich,checker board sandwich
danish luncheon sandwich,danish luncheon sandwich
lemon curd filling,lemon curd filling
jam filling,jam filling
orange gateau,orange gateau
black forest gateau,orange gateau
dundee cake,wheat cake
victorian sandwich cake,wheat cake
wheat cake,wheat cake
finger millet cake (ragi cake),wheat cake
chocolate glace icing,glace icing
glace icing,glace icing
chocolate cream shells,chocolate cream shells
fruit flan,fruit flan
orange cream flan,fruit flan
fruit puree tart,tomato puree
tomato puree,tomato puree
cream buns,cream buns
choux swans,choux swans
cream horns,cream horns
savoury cheese horns,cream horns
pearl millet infant food (bajra shishu aahaar),pearl millet infant food (bajra shishu aahaar)
sajina,sajina
cereal mix ,cereal mix 
vegetable mix,cereal mix 
pulse mix,pulse mix
shishu ahar,shishu ahar
cereal pulse mix with amylase rice flour,cereal pulse mix with amylase rice flour
banana groundnut paste/puree,banana groundnut paste/puree
chickpea flour cookies (sweet besan rounds/cookies),greenpea cookies
greenpea cookies,greenpea cookies
fermented bengal gram vada (khameerikrit/ufna hua channa dal ka vada),fermented bengal gram vada (khameerikrit/ufna hua channa dal ka vada)
poshtik namak paras,poshtik namak paras
besan bathua chilla/cheela,poshtik chilla/cheela
poshtik chilla/cheela,poshtik chilla/cheela
atta dal burfi ,atta dal burfi 
namkeen daliya,namkeen daliya
woodapple juice (bel ka sharbat),woodapple juice (bel ka sharbat)
sattu drink,sattu drink
apple and honey sorbet (seb aur shehad ka sharbat),apple and honey sorbet (seb aur shehad ka sharbat)
thandai,thandai
apple oats chia seed smoothie,apple oats chia seed smoothie
nannari sharbat,nannari sharbat
semolina milk drink (thari kanji),semolina milk drink (thari kanji)
kesari bath,kesari bath
putharekulu,putharekulu
mango malpua,mango malpua
chhena poda,chhena poda
sweet couscous dessert,sweet couscous dessert
sweetened yogurt (shrikhand),sweetened yogurt (shrikhand)
thickened sweetened milk (rabri),thickened sweetened milk (rabri)
kidney bean sandwich with cottage cheese,kidney bean sandwich with cottage cheese
cardamom cookies (elaichi cookies),cardamom cookies (elaichi cookies)
almond cardamom cake (badam elaichi cake),cardamom cookies (elaichi cookies)
cranberry cookies,cranberry cookies
tutti fruitti biscuit,tutti fruitti biscuit
tutti frutti cake,tutti frutti cake
peach blueberry preserves,peach blueberry preserves
pear preserves (naashpati ka murabba),pear preserves (naashpati ka murabba)
starfruit preserves ,starfruit preserves 
gooseberry pickle (amla ka achaar),mango pickle (aam ka achaar)
date pickle (khajoor ka achaar),mango pickle (aam ka achaar)
garlic pickle (lahasun ka achar),mango pickle (aam ka achaar)
sweet peach pickle (aadoo ka achaar),mango pickle (aam ka achaar)
green tomato pickle (haray tamatar ka achaar),mango pickle (aam ka achaar)
coconut pickle (nariyal ka aachar),mango pickle (aam ka achaar)
potato pickle (aloo ka achaar),mango pickle (aam ka achaar)
mango pickle (aam ka achaar),mango pickle (aam ka achaar)
mixed vegetable pickle (sabziyoon ka achaar),mango pickle (aam ka achaar)
sweet lemon pickle (neembu ka meetha achaar),mango pickle (aam ka achaar)
lemon green chilli pickle (nimboo aur hari mirch ka achaar),mango pickle (aam ka achaar)
brinjal pickle (baingan ka achaar),mango pickle (aam ka achaar)
sweet and sour tomato pickle (khatta meetha tamatar ka achaar),mango pickle (aam ka achaar)
fermented bamboo shoot pickle (mesu pickle),fermented bamboo shoot pickle (mesu pickle)
pickled mustard greens ,pickled cabbage 
small onion pickle ,pickled cabbage 
pickled cabbage ,pickled cabbage 
mango murabba candy,mango murabba candy
fish orly,fish orly
chicken manchurian,veg manchurian
cabbage manchurian (pattagobhi manchurian),veg manchurian
veg manchurian,veg manchurian
lemon butter fish,lemon butter fish
baked eggs in tomato sauce,baked eggs in tomato sauce
egg in a pepper,egg in a pepper
cajun chicken,cajun chicken
paaner do pyaza,pav bhaji
pav bhaji masala,pav bhaji
pav bhaji,pav bhaji
gobi 65,gobi 65
roasted cauliflower steak,roasted cauliflower steak
sauteed radishes with green beans,sauteed radishes with green beans
schezwan chutney,schezwan chutney
kale salad,kale salad
khakhra,khakhra
khakhra chaat,khakhra
moong bean dosa (pesarattu),moong bean dosa (pesarattu)
rice puttu (ari puttu),rice puttu (ari puttu)
spicy corn chaat ,spicy corn chaat 
banana chips (kele ke chips),banana chips (kele ke chips)
mango cheesecake,mango cheesecake
semolina cake (suji/rava cake),semolina cake (suji/rava cake)
dalma,dalma
panchmel dal,dalma
horsegram dal (kulthi dal) ,horsegram dal (kulthi dal) 
gujarati handvo ,gujarati handvo 
sev (omapodi/karapusa),sev (omapodi/karapusa)
papdi,papdi
classic seasoned black beans,classic seasoned black beans
white sauce (thin),brown sauce
white sauce (medium),brown sauce
white sauce (thick),brown sauce
cheese sauce,brown sauce
mushroom sauce,brown sauce
mustard sauce,brown sauce
brown sauce,brown sauce
pasta cheese sauce,brown sauce
tomato sauce,brown sauce
tartare sauce,brown sauce
barbeque sauce,brown sauce
bread sauce,brown sauce
hot cherry sauce,brown sauce
low calorie quick mayonnaise,low calorie quick mayonnaise
thousand island dressing,thousand island dressing
american frosting,american frosting
channa murmura premix,channa murmura premix
lemon squash (nimbu ka squash),lichi squash
orange squash (santre ka squash),lichi squash
lichi squash,lichi squash
mango squash (aam ka squash),lichi squash
lemon and ginger squash (nimbu aur adrak ka squash),lichi squash
plum squash (aloo bukhara squash),lichi squash
apple jam (seb ka murabba),apple jam (seb ka murabba)
plum jam (aloo bukhara jam),apple jam (seb ka murabba)
guava jelly (amrood ki jelly),apple jelly (seb ki jelly)
apple jelly (seb ki jelly),apple jelly (seb ki jelly)
orange marmalade (santray ka murabba),marmalade (murabba)
gooseberry marmalade (amla murabba),marmalade (murabba)
marmalade (murabba),marmalade (murabba)
ginger candy (adrak ki candy),ginger candy (adrak ki candy)
garam masala,garam masala
chat masala,chat masala
rasam powder (rasam masala),rasam powder (rasam masala)
cumin seeds baghar (jeera baghar/tadka),cumin seeds baghar (jeera baghar/tadka)
mustard seeds baghar (mustard seed tadka),cumin seeds baghar (jeera baghar/tadka)
tomato ketchup,tomato ketchup
bengal 5 spice blend (panch phoran),bengal 5 spice blend (panch phoran)
